http://kajian.net/kajian-audio/?l=15,Kitab Ad-Durarul Bahiyah - Fiqh Menstruasi,/kajian-audio/Ceramah/Abdul Barr/Fiqih Menstruasi/Kitab Ad-Durarul Bahiyah - Fiqh Menstruasi.mp3?l=12,none
http://kajian.net/kajian-audio/?l=15,Aqidah Agama Syiah 1,/kajian-audio/Ceramah/Abdul Hakim Amir Abdat/Aqidah Agama Syiah/Aqidah Agama Syiah 1.MP3?l=12,none
http://kajian.net/kajian-audio/?l=15,Aqidah Agama Syiah 3,/kajian-audio/Ceramah/Abdul Hakim Amir Abdat/Aqidah Agama Syiah/Aqidah Agama Syiah 3.MP3?l=12,none
http://kajian.net/kajian-audio/?l=15,Arti Ibadah,/kajian-audio/Ceramah/Abdul Hakim Amir Abdat/Arti Ibadah/Arti Ibadah.mp3?l=12,none
http://kajian.net/kajian-audio/?l=15,Beberapa Permasalahan Janabat &amp; Wudh,/kajian-audio/Ceramah/Abdul Hakim Amir Abdat/Beberapa Permasalahan Mandi Janabat %2526 Wudhu/Beberapa Permasalahan Janabat %2526 Wudh.mp3?l=12,none
http://kajian.net/kajian-audio/?l=15,Biografi Imam Bukhari 1,/kajian-audio/Ceramah/Abdul Hakim Amir Abdat/Biografi Imam Bukhari/Biografi Imam Bukhari 1.mp3?l=12,none
http://kajian.net/kajian-audio/?l=15,Arti Ibadah,/kajian-audio/Ceramah/Abdul Hakim Amir Abdat/Campuran/Arti Ibadah.mp3?l=12,none
http://kajian.net/kajian-audio/?l=15,Beberapa Permasalahan Janabat &amp; Wudh,/kajian-audio/Ceramah/Abdul Hakim Amir Abdat/Campuran/Beberapa Permasalahan Janabat %2526 Wudh.mp3?l=12,none
http://kajian.net/kajian-audio/?l=15,Keutamaan Ilmu,/kajian-audio/Ceramah/Abdul Hakim Amir Abdat/Campuran/Keutamaan Ilmu.mp3?l=12,none
http://kajian.net/kajian-audio/?l=15,Makna AhlusSunnah WalJama'ah ( D-2 ),/kajian-audio/Ceramah/Abdul Hakim Amir Abdat/Campuran/Makna AhlusSunnah WalJama%27ah %28 D-2 %29.mp3?l=12,none
http://kajian.net/kajian-audio/?l=15,Wajibnya Mengikuti Sunnah ( D-6),/kajian-audio/Ceramah/Abdul Hakim Amir Abdat/Campuran/Wajibnya Mengikuti Sunnah %28 D-6%29.mp3?l=12,none
http://kajian.net/kajian-audio/?l=15,Dialog Salaf 1 (Pembukaan),/kajian-audio/Ceramah/Abdul Hakim Amir Abdat/Dialog Salaf/Dialog Salaf 1 %28Pembukaan%29.mp3?l=12,none
http://kajian.net/kajian-audio/?l=15,Dialog Salaf 3 (Abdul Hakim dan Abu,/kajian-audio/Ceramah/Abdul Hakim Amir Abdat/Dialog Salaf/Dialog Salaf 3 %28Abdul Hakim dan Abu.mp3?l=12,none
http://kajian.net/kajian-audio/?l=15,Fiqh Para Shahabat 02,/kajian-audio/Ceramah/Abdul Hakim Amir Abdat/Fiqh Para Shahabat/Fiqh Para Shahabat 02.mp3?l=12,none
http://kajian.net/kajian-audio/?l=15,Hadist Dhoif dan Palsu Seputar Bul 1,/kajian-audio/Ceramah/Abdul Hakim Amir Abdat/Hadist Dhoif dan Palsu Seputar Bulan Puasa/Hadist Dhoif dan Palsu Seputar Bul 1.mp3?l=12,none
http://kajian.net/kajian-audio/?l=15,Ilmu dan Manhaj 1,/kajian-audio/Ceramah/Abdul Hakim Amir Abdat/Ilmu dan Manhaj/Ilmu dan Manhaj 1.mp3?l=12,none
http://kajian.net/kajian-audio/?l=15,Ilmu dan Manhaj 3,/kajian-audio/Ceramah/Abdul Hakim Amir Abdat/Ilmu dan Manhaj/Ilmu dan Manhaj 3.mp3?l=12,none
http://kajian.net/kajian-audio/?l=15,Indahnya Islam 1,/kajian-audio/Ceramah/Abdul Hakim Amir Abdat/Indahnya Islam/Indahnya Islam 1.mp3?l=12,none
http://kajian.net/kajian-audio/?l=15,Tanya Jawab Seputar Nazhor (Melihat Calon Istri atau Suami),/kajian-audio/Ceramah/Abdul Barr/Tanya Jawab Seputar Nazhor %28Melihat Calon Istri atau Suami%29/Tanya Jawab Seputar Nazhor %28Melihat Calon Istri atau Suami%29.mp3?l=12,none
http://kajian.net/kajian-audio/?l=15,Aqidah Agama Syiah 2,/kajian-audio/Ceramah/Abdul Hakim Amir Abdat/Aqidah Agama Syiah/Aqidah Agama Syiah 2.MP3?l=12,none
http://kajian.net/kajian-audio/?l=15,Aqidah Agama Syiah 4,/kajian-audio/Ceramah/Abdul Hakim Amir Abdat/Aqidah Agama Syiah/Aqidah Agama Syiah 4.MP3?l=12,none
http://kajian.net/kajian-audio/?l=15,Arti Ikhlas dan Syirik,/kajian-audio/Ceramah/Abdul Hakim Amir Abdat/Arti Ikhlas dan Syirik/Arti Ikhlas dan Syirik.mp3?l=12,none
http://kajian.net/kajian-audio/?l=15,017 Bidah beshalawat sebelum adzan,/kajian-audio/Ceramah/Abdul Hakim Amir Abdat/Bidah Bershalawat Sebelum Adzan/017_Bidah beshalawat sebelum adzan.mp3?l=12,none
http://kajian.net/kajian-audio/?l=15,Abdul Hakim Abdad,/kajian-audio/Ceramah/Abdul Hakim Amir Abdat/Campuran/Abdul Hakim Abdad.mp3?l=12,none
http://kajian.net/kajian-audio/?l=15,Arti Ikhlas dan Syirik,/kajian-audio/Ceramah/Abdul Hakim Amir Abdat/Campuran/Arti Ikhlas dan Syirik.mp3?l=12,none
http://kajian.net/kajian-audio/?l=15,Hadits - Hadits Palsu ( D - 1 ),/kajian-audio/Ceramah/Abdul Hakim Amir Abdat/Campuran/Hadits - Hadits Palsu %28 D - 1 %29.mp3?l=12,none
http://kajian.net/kajian-audio/?l=15,Kewajiban Mengikuti Sunnah,/kajian-audio/Ceramah/Abdul Hakim Amir Abdat/Campuran/Kewajiban Mengikuti Sunnah.mp3?l=12,none
http://kajian.net/kajian-audio/?l=15,Masalah Baiat &amp; Syi'ah (D-3),/kajian-audio/Ceramah/Abdul Hakim Amir Abdat/Campuran/Masalah Baiat %2526 Syi%27ah %28D-3%29.mp3?l=12,none
http://kajian.net/kajian-audio/?l=15,Dialog Daulah Islamiyyah,/kajian-audio/Ceramah/Abdul Hakim Amir Abdat/Daulah Islamiyyah/Dialog Daulah Islamiyyah.MP3?l=12,none
http://kajian.net/kajian-audio/?l=15,Dialog Salaf 2 (Persis),/kajian-audio/Ceramah/Abdul Hakim Amir Abdat/Dialog Salaf/Dialog Salaf 2 %28Persis%29.mp3?l=12,none
http://kajian.net/kajian-audio/?l=15,Fiqh Para Shahabat 01,/kajian-audio/Ceramah/Abdul Hakim Amir Abdat/Fiqh Para Shahabat/Fiqh Para Shahabat 01.mp3?l=12,none
http://kajian.net/kajian-audio/?l=15,Firqoh-Firqoh Sesat 02,/kajian-audio/Ceramah/Abdul Hakim Amir Abdat/Firqoh-Firqoh Sesat/Firqoh-Firqoh Sesat 02.mp3?l=12,none
http://kajian.net/kajian-audio/?l=15,01 Hukum Demokrasi dan Seputar Daula,/kajian-audio/Ceramah/Abdul Hakim Amir Abdat/Hukum Demokrasi dan Seputar Daulah/01 Hukum Demokrasi dan Seputar Daula.mp3?l=12,none
http://kajian.net/kajian-audio/?l=15,Ilmu dan Manhaj 2,/kajian-audio/Ceramah/Abdul Hakim Amir Abdat/Ilmu dan Manhaj/Ilmu dan Manhaj 2.mp3?l=12,none
http://kajian.net/kajian-audio/?l=15,Ilmu dan Manhaj 4,/kajian-audio/Ceramah/Abdul Hakim Amir Abdat/Ilmu dan Manhaj/Ilmu dan Manhaj 4.mp3?l=12,none
